user_id,diet_type,product_name,PROD_CAT,predicted_risk,safety_score,health_score,recommendation_score
User_0,Keto,Product_327,Processed,serious,0.3,0.784600635671048,0.4938402542684192
User_0,Keto,Product_1127,Fruits,serious,0.3,0.991632848789553,0.5766531395158212
User_0,Keto,Product_891,Processed,undecided,0.6,0.5619815155643191,0.5847926062257276
User_0,Keto,Product_2096,Fruits,undecided,0.6,0.9806753278857774,0.752270131154311
User_0,Keto,Product_694,Fruits,undecided,0.6,0.788419730069275,0.67536789202771
User_1,Regular,Product_388,Vegetables,serious,0.3,0.9349168535792136,0.5539667414316854
User_1,Regular,Product_2477,Meat,not_serious,0.9,0.7603799610615452,0.8441519844246181
User_1,Regular,Product_29,Meat,serious,0.3,0.8094606576442611,0.5037842630577045
User_1,Regular,Product_2472,Processed,undecided,0.6,0.8934834605781261,0.7173933842312504
User_1,Regular,Product_769,Vegetables,undecided,0.6,0.9304256031057825,0.732170241242313
User_2,Regular,Product_1520,Grains,not_serious,0.9,0.5890829571173006,0.7756331828469203
User_2,Regular,Product_1189,Nuts,undecided,0.6,0.7713165904131085,0.6685266361652434
User_2,Regular,Product_1551,Seafood,undecided,0.6,0.5630972738152118,0.5852389095260847
User_2,Regular,Product_988,Fruits,not_serious,0.9,0.6751551591935867,0.8100620636774347
User_2,Regular,Product_2435,Meat,not_serious,0.9,0.7775070694457591,0.8510028277783037
User_3,Regular,Product_2185,Dairy,not_serious,0.9,0.9907773450925818,0.9363109380370327
User_3,Regular,Product_340,Dairy,undecided,0.6,0.9082334279872668,0.7232933711949068
User_3,Regular,Product_1825,Seafood,not_serious,0.9,0.8250777827901676,0.8700311131160672
User_3,Regular,Product_1600,Nuts,not_serious,0.9,0.8004574539938888,0.8601829815975556
User_3,Regular,Product_2031,Vegetables,serious,0.3,0.5843627424095438,0.4137450969638175
User_4,Regular,Product_359,Dairy,serious,0.3,0.686202504102684,0.45448100164107363
User_4,Regular,Product_2301,Seafood,not_serious,0.9,0.9603442507364192,0.9241377002945677
User_4,Regular,Product_2629,Processed,not_serious,0.9,0.9079918969768639,0.9031967587907457
User_4,Regular,Product_9,Fruits,serious,0.3,0.7333395788169099,0.47333583152676395
User_4,Regular,Product_2787,Seafood,undecided,0.6,0.6704157634900652,0.628166305396026
User_5,Keto,Product_2120,Nuts,serious,0.3,0.8095557682486025,0.503822307299441
User_5,Keto,Product_481,Grains,not_serious,0.9,0.5761827413160105,0.7704730965264043
User_5,Keto,Product_961,Vegetables,serious,0.3,0.7347527710924646,0.47390110843698585
User_5,Keto,Product_2938,Vegetables,serious,0.3,0.57132167148084,0.408528668592336
User_5,Keto,Product_1410,Meat,serious,0.3,0.6144974943487491,0.42579899773949964
User_6,Vegan,Product_1256,Grains,undecided,0.6,0.5016675331530628,0.5606670132612251
User_6,Vegan,Product_2185,Dairy,not_serious,0.9,0.9907773450925818,0.9363109380370327
User_6,Vegan,Product_1316,Fruits,not_serious,0.9,0.8259091084272615,0.8703636433709047
User_6,Vegan,Product_911,Seafood,undecided,0.6,0.5079539350161641,0.5631815740064656
User_6,Vegan,Product_2415,Fruits,serious,0.3,0.7086962597055799,0.463478503882232
User_7,Vegan,Product_2523,Nuts,undecided,0.6,0.804425361522131,0.6817701446088524
User_7,Vegan,Product_1401,Dairy,not_serious,0.9,0.6140615407354787,0.7856246162941916
User_7,Vegan,Product_1791,Grains,not_serious,0.9,0.9713368808573892,0.9285347523429557
User_7,Vegan,Product_961,Vegetables,serious,0.3,0.7347527710924646,0.47390110843698585
User_7,Vegan,Product_2236,Dairy,not_serious,0.9,0.8983153038007341,0.8993261215202937
User_8,Keto,Product_2803,Meat,serious,0.3,0.7147259394502767,0.4658903757801107
User_8,Keto,Product_812,Vegetables,not_serious,0.9,0.8726710017067637,0.8890684006827055
User_8,Keto,Product_2058,Fruits,not_serious,0.9,0.962385099853145,0.9249540399412581
User_8,Keto,Product_605,Dairy,serious,0.3,0.89123695402931,0.536494781611724
User_8,Keto,Product_1787,Meat,not_serious,0.9,0.6227207287486635,0.7890882914994655
User_9,Regular,Product_1933,Dairy,undecided,0.6,0.6318562264946695,0.6127424905978678
User_9,Regular,Product_2827,Vegetables,serious,0.3,0.9033508880475367,0.5413403552190147
User_9,Regular,Product_2860,Processed,undecided,0.6,0.6934702735130531,0.6373881094052212
User_9,Regular,Product_2296,Vegetables,undecided,0.6,0.9211793091445963,0.7284717236578385
User_9,Regular,Product_1293,Vegetables,not_serious,0.9,0.647294741677692,0.7989178966710768
User_10,Vegan,Product_1256,Grains,undecided,0.6,0.5016675331530628,0.5606670132612251
User_10,Vegan,Product_2663,Dairy,not_serious,0.9,0.6038032780601683,0.7815213112240673
User_10,Vegan,Product_276,Vegetables,serious,0.3,0.7007506208639619,0.46030024834558475
User_10,Vegan,Product_1693,Processed,serious,0.3,0.6695767515075983,0.4478307006030393
User_10,Vegan,Product_1988,Dairy,serious,0.3,0.8558334604255395,0.5223333841702158
User_11,Regular,Product_1618,Grains,serious,0.3,0.6307190558212021,0.43228762232848084
User_11,Regular,Product_1895,Processed,serious,0.3,0.5636305942137472,0.4054522376854989
User_11,Regular,Product_2458,Vegetables,not_serious,0.9,0.7928604875588413,0.8571441950235366
User_11,Regular,Product_2533,Fruits,serious,0.3,0.7873503389936962,0.4949401355974785
User_11,Regular,Product_736,Meat,not_serious,0.9,0.5670549138367429,0.7668219655346972
User_12,Keto,Product_2618,Dairy,serious,0.3,0.8051728282408549,0.5020691312963419
User_12,Keto,Product_1364,Nuts,not_serious,0.9,0.9336565927551327,0.9134626371020531
User_12,Keto,Product_2185,Dairy,not_serious,0.9,0.9907773450925818,0.9363109380370327
User_12,Keto,Product_730,Dairy,undecided,0.6,0.5055426098178235,0.5622170439271295
User_12,Keto,Product_142,Meat,undecided,0.6,0.5626793758659856,0.5850717503463942
User_13,Keto,Product_2527,Vegetables,not_serious,0.9,0.7589551828725409,0.8435820731490165
User_13,Keto,Product_1030,Processed,undecided,0.6,0.7311489626378322,0.6524595850551329
User_13,Keto,Product_1961,Vegetables,not_serious,0.9,0.9053733663539469,0.9021493465415789
User_13,Keto,Product_498,Vegetables,serious,0.3,0.9628855822531643,0.5651542329012658
User_13,Keto,Product_1310,Dairy,not_serious,0.9,0.6514784813201915,0.8005913925280767
User_14,Vegetarian,Product_2293,Nuts,serious,0.3,0.9173487590536065,0.5469395036214426
User_14,Vegetarian,Product_228,Vegetables,undecided,0.6,0.601724487471114,0.6006897949884455
User_14,Vegetarian,Product_2971,Fruits,undecided,0.6,0.9836336163463621,0.7534534465385448
User_14,Vegetarian,Product_2345,Nuts,serious,0.3,0.8104380467654331,0.5041752187061732
User_14,Vegetarian,Product_1659,Nuts,undecided,0.6,0.8554096247367876,0.702163849894715
User_15,Vegetarian,Product_2307,Meat,undecided,0.6,0.8540816280433264,0.7016326512173305
User_15,Vegetarian,Product_809,Seafood,undecided,0.6,0.955566526485243,0.7422266105940972
User_15,Vegetarian,Product_2438,Dairy,undecided,0.6,0.5911234217307448,0.5964493686922979
User_15,Vegetarian,Product_2213,Dairy,undecided,0.6,0.5393915375803575,0.575756615032143
User_15,Vegetarian,Product_2708,Nuts,serious,0.3,0.5349753193407716,0.39399012773630865
User_16,Regular,Product_2822,Seafood,not_serious,0.9,0.5816009926973587,0.7726403970789435
User_16,Regular,Product_2869,Processed,undecided,0.6,0.737380222916437,0.6549520891665748
User_16,Regular,Product_1607,Vegetables,serious,0.3,0.6556443876385047,0.4422577550554019
User_16,Regular,Product_2415,Fruits,serious,0.3,0.7086962597055799,0.463478503882232
User_16,Regular,Product_2938,Vegetables,serious,0.3,0.57132167148084,0.408528668592336
User_17,Keto,Product_2577,Seafood,serious,0.3,0.69357764903925,0.4574310596157
User_17,Keto,Product_1632,Nuts,undecided,0.6,0.8627494686673765,0.7050997874669506
User_17,Keto,Product_1254,Seafood,undecided,0.6,0.7885814034003653,0.6754325613601462
User_17,Keto,Product_1,Meat,undecided,0.6,0.6765731212327282,0.6306292484930913
User_17,Keto,Product_2758,Fruits,undecided,0.6,0.5487888364147129,0.5795155345658851
User_18,Regular,Product_2203,Processed,serious,0.3,0.9342379646882539,0.5536951858753016
User_18,Regular,Product_312,Meat,serious,0.3,0.9796407153571117,0.5718562861428447
User_18,Regular,Product_1032,Vegetables,undecided,0.6,0.6376160640612445,0.6150464256244979
User_18,Regular,Product_236,Grains,undecided,0.6,0.9766581995194183,0.7506632798077674
User_18,Regular,Product_436,Nuts,serious,0.3,0.7027694213230331,0.46110776852921326
User_19,Vegan,Product_523,Processed,not_serious,0.9,0.9304863803860237,0.9121945521544095
User_19,Vegan,Product_182,Grains,serious,0.3,0.6660486931504164,0.44641947726016656
User_19,Vegan,Product_1129,Fruits,not_serious,0.9,0.5362286727986046,0.7544914691194419
User_19,Vegan,Product_1767,Vegetables,undecided,0.6,0.739227681948907,0.6556910727795628
User_19,Vegan,Product_281,Meat,not_serious,0.9,0.6247632390745238,0.7899052956298096
User_20,Keto,Product_349,Processed,not_serious,0.9,0.5552244945928819,0.7620897978371528
User_20,Keto,Product_912,Seafood,undecided,0.6,0.750392969385201,0.6601571877540804
User_20,Keto,Product_231,Meat,undecided,0.6,0.6906131682219541,0.6362452672887816
User_20,Keto,Product_2458,Vegetables,not_serious,0.9,0.7928604875588413,0.8571441950235366
User_20,Keto,Product_754,Fruits,undecided,0.6,0.7647691317757486,0.6659076527102994
User_21,Vegetarian,Product_2097,Fruits,serious,0.3,0.526675542031639,0.3906702168126556
User_21,Vegetarian,Product_812,Vegetables,not_serious,0.9,0.8726710017067637,0.8890684006827055
User_21,Vegetarian,Product_1254,Seafood,undecided,0.6,0.7885814034003653,0.6754325613601462
User_21,Vegetarian,Product_2020,Processed,serious,0.3,0.7560894782239724,0.48243579128958897
User_21,Vegetarian,Product_1753,Processed,not_serious,0.9,0.5293038534052354,0.7517215413620942
User_22,Keto,Product_2814,Meat,serious,0.3,0.9960355775444167,0.5784142310177667
User_22,Keto,Product_2184,Seafood,undecided,0.6,0.7336767205029613,0.6534706882011845
User_22,Keto,Product_1465,Grains,serious,0.3,0.6314951761431626,0.43259807045726506
User_22,Keto,Product_2285,Nuts,not_serious,0.9,0.6495736084986432,0.7998294433994573
User_22,Keto,Product_2787,Seafood,undecided,0.6,0.6704157634900652,0.628166305396026
User_23,Vegetarian,Product_1410,Meat,serious,0.3,0.6144974943487491,0.42579899773949964
User_23,Vegetarian,Product_1919,Vegetables,not_serious,0.9,0.6589451303524674,0.803578052140987
User_23,Vegetarian,Product_1809,Fruits,undecided,0.6,0.5733860623564169,0.5893544249425667
User_23,Vegetarian,Product_834,Vegetables,serious,0.3,0.8118685898086071,0.5047474359234428
User_23,Vegetarian,Product_2618,Dairy,serious,0.3,0.8051728282408549,0.5020691312963419
User_24,Keto,Product_858,Fruits,not_serious,0.9,0.8199446207352561,0.8679778482941025
User_24,Keto,Product_824,Nuts,serious,0.3,0.6877318792347549,0.45509275169390195
User_24,Keto,Product_1150,Seafood,serious,0.3,0.7216704098153182,0.46866816392612726
User_24,Keto,Product_20,Grains,serious,0.3,0.9348554949929235,0.5539421979971695
User_24,Keto,Product_2854,Fruits,serious,0.3,0.5223995368733514,0.38895981474934055
User_25,Vegetarian,Product_548,Fruits,not_serious,0.9,0.8104043599096189,0.8641617439638476
User_25,Vegetarian,Product_1607,Vegetables,serious,0.3,0.6556443876385047,0.4422577550554019
User_25,Vegetarian,Product_1462,Seafood,not_serious,0.9,0.6882797159886287,0.8153118863954516
User_25,Vegetarian,Product_1259,Dairy,not_serious,0.9,0.5775529712461658,0.7710211884984663
User_25,Vegetarian,Product_2234,Vegetables,undecided,0.6,0.9979245919038745,0.7591698367615498
User_26,Vegan,Product_1520,Grains,not_serious,0.9,0.5890829571173006,0.7756331828469203
User_26,Vegan,Product_718,Nuts,not_serious,0.9,0.905090741724291,0.9020362966897164
User_26,Vegan,Product_2597,Seafood,not_serious,0.9,0.6086419490207178,0.7834567796082872
User_26,Vegan,Product_2785,Nuts,undecided,0.6,0.8916573775480231,0.7166629510192093
User_26,Vegan,Product_48,Grains,serious,0.3,0.6311697087413766,0.43246788349655063
User_27,Vegetarian,Product_1893,Dairy,serious,0.3,0.7573945194837011,0.48295780779348046
User_27,Vegetarian,Product_1820,Processed,serious,0.3,0.9409117944738081,0.5563647177895232
User_27,Vegetarian,Product_2756,Vegetables,undecided,0.6,0.8865720172060927,0.7146288068824371
User_27,Vegetarian,Product_376,Meat,undecided,0.6,0.8853974856725079,0.7141589942690032
User_27,Vegetarian,Product_2119,Nuts,serious,0.3,0.9162681134354409,0.5465072453741764
User_28,Regular,Product_1802,Dairy,not_serious,0.9,0.8149399368021945,0.8659759747208778
User_28,Regular,Product_2207,Meat,undecided,0.6,0.9973713162463151,0.7589485264985261
User_28,Regular,Product_2383,Grains,not_serious,0.9,0.6680189684965789,0.8072075873986316
User_28,Regular,Product_1279,Meat,not_serious,0.9,0.6457097081841237,0.7982838832736495
User_28,Regular,Product_1361,Grains,undecided,0.6,0.8755778401712323,0.710231136068493
User_29,Vegetarian,Product_464,Meat,not_serious,0.9,0.9809962305242448,0.932398492209698
User_29,Vegetarian,Product_304,Fruits,not_serious,0.9,0.5382168236053277,0.7552867294421312
User_29,Vegetarian,Product_1316,Fruits,not_serious,0.9,0.8259091084272615,0.8703636433709047
User_29,Vegetarian,Product_1256,Grains,undecided,0.6,0.5016675331530628,0.5606670132612251
User_29,Vegetarian,Product_1062,Processed,serious,0.3,0.8171041901400615,0.5068416760560246
User_30,Keto,Product_1293,Vegetables,not_serious,0.9,0.647294741677692,0.7989178966710768
User_30,Keto,Product_48,Grains,serious,0.3,0.6311697087413766,0.43246788349655063
User_30,Keto,Product_1849,Fruits,not_serious,0.9,0.8368912331774012,0.8747564932709606
User_30,Keto,Product_1410,Meat,serious,0.3,0.6144974943487491,0.42579899773949964
User_30,Keto,Product_680,Nuts,not_serious,0.9,0.7826060601035405,0.8530424240414163
User_31,Vegan,Product_1040,Seafood,undecided,0.6,0.9930075853802288,0.7572030341520916
User_31,Vegan,Product_2928,Fruits,serious,0.3,0.9176730007098846,0.5470692002839539
User_31,Vegan,Product_2408,Processed,serious,0.3,0.5290509551172179,0.39162038204688715
User_31,Vegan,Product_1361,Grains,undecided,0.6,0.8755778401712323,0.710231136068493
User_31,Vegan,Product_2854,Fruits,serious,0.3,0.5223995368733514,0.38895981474934055
User_32,Keto,Product_2719,Fruits,undecided,0.6,0.5889633469232832,0.5955853387693133
User_32,Keto,Product_2763,Vegetables,undecided,0.6,0.9114190563230324,0.724567622529213
User_32,Keto,Product_1862,Dairy,serious,0.3,0.5619219176389152,0.4047687670555661
User_32,Keto,Product_1286,Fruits,undecided,0.6,0.9378085562062493,0.7351234224824997
User_32,Keto,Product_1939,Processed,undecided,0.6,0.6294555245536901,0.611782209821476
User_33,Vegetarian,Product_20,Grains,serious,0.3,0.9348554949929235,0.5539421979971695
User_33,Vegetarian,Product_1472,Vegetables,undecided,0.6,0.5540784151821198,0.5816313660728479
User_33,Vegetarian,Product_1308,Vegetables,not_serious,0.9,0.9670461271496043,0.9268184508598418
User_33,Vegetarian,Product_1589,Nuts,undecided,0.6,0.9511354153185658,0.7404541661274263
User_33,Vegetarian,Product_2446,Seafood,not_serious,0.9,0.7382248448353087,0.8352899379341235
User_34,Vegetarian,Product_2763,Vegetables,undecided,0.6,0.9114190563230324,0.724567622529213
User_34,Vegetarian,Product_2527,Vegetables,not_serious,0.9,0.7589551828725409,0.8435820731490165
User_34,Vegetarian,Product_1998,Processed,serious,0.3,0.5823154859095612,0.4129261943638245
User_34,Vegetarian,Product_498,Vegetables,serious,0.3,0.9628855822531643,0.5651542329012658
User_34,Vegetarian,Product_2266,Meat,serious,0.3,0.6886543244534312,0.4554617297813725
User_35,Keto,Product_71,Fruits,not_serious,0.9,0.7818704604049167,0.8527481841619667
User_35,Keto,Product_1919,Vegetables,not_serious,0.9,0.6589451303524674,0.803578052140987
User_35,Keto,Product_256,Processed,serious,0.3,0.5254675267988871,0.39018701071955486
User_35,Keto,Product_2244,Meat,not_serious,0.9,0.8299028490568854,0.8719611396227542
User_35,Keto,Product_699,Dairy,not_serious,0.9,0.6090936058220318,0.7836374423288127
User_36,Regular,Product_1292,Meat,undecided,0.6,0.5728780145957082,0.5891512058382833
User_36,Regular,Product_2629,Processed,not_serious,0.9,0.9079918969768639,0.9031967587907457
User_36,Regular,Product_725,Seafood,serious,0.3,0.5819831868443142,0.41279327473772565
User_36,Regular,Product_55,Meat,not_serious,0.9,0.8841353879818861,0.8936541551927545
User_36,Regular,Product_376,Meat,undecided,0.6,0.8853974856725079,0.7141589942690032
User_37,Vegetarian,Product_2436,Grains,serious,0.3,0.9089845675153869,0.5435938270061548
User_37,Vegetarian,Product_228,Vegetables,undecided,0.6,0.601724487471114,0.6006897949884455
User_37,Vegetarian,Product_1624,Grains,undecided,0.6,0.6529164982174488,0.6211665992869795
User_37,Vegetarian,Product_2525,Nuts,undecided,0.6,0.9407598382615472,0.7363039353046189
User_37,Vegetarian,Product_1600,Nuts,not_serious,0.9,0.8004574539938888,0.8601829815975556
User_38,Keto,Product_699,Dairy,not_serious,0.9,0.6090936058220318,0.7836374423288127
User_38,Keto,Product_1576,Processed,undecided,0.6,0.9930471623470739,0.7572188649388296
User_38,Keto,Product_281,Meat,not_serious,0.9,0.6247632390745238,0.7899052956298096
User_38,Keto,Product_45,Meat,undecided,0.6,0.5757274309391016,0.5902909723756407
User_38,Keto,Product_1146,Processed,undecided,0.6,0.6377171706968578,0.6150868682787431
User_39,Keto,Product_2683,Vegetables,undecided,0.6,0.6959785319937848,0.6383914127975139
User_39,Keto,Product_1569,Grains,undecided,0.6,0.6945081813841864,0.6378032725536745
User_39,Keto,Product_2351,Seafood,serious,0.3,0.6432322465583256,0.4372928986233302
User_39,Keto,Product_29,Meat,serious,0.3,0.8094606576442611,0.5037842630577045
User_39,Keto,Product_1035,Fruits,undecided,0.6,0.5085516023810264,0.5634206409524105
User_40,Vegan,Product_190,Processed,undecided,0.6,0.7738734242077391,0.6695493696830956
User_40,Vegan,Product_1562,Meat,not_serious,0.9,0.9394514833808396,0.915780593352336
User_40,Vegan,Product_2657,Nuts,not_serious,0.9,0.8829527432310327,0.8931810972924131
User_40,Vegan,Product_2618,Dairy,serious,0.3,0.8051728282408549,0.5020691312963419
User_40,Vegan,Product_1150,Seafood,serious,0.3,0.7216704098153182,0.46866816392612726
User_41,Vegetarian,Product_265,Fruits,not_serious,0.9,0.9804987990376112,0.9321995196150445
User_41,Vegetarian,Product_434,Meat,undecided,0.6,0.9057265329035915,0.7222906131614366
User_41,Vegetarian,Product_2928,Fruits,serious,0.3,0.9176730007098846,0.5470692002839539
User_41,Vegetarian,Product_1618,Grains,serious,0.3,0.6307190558212021,0.43228762232848084
User_41,Vegetarian,Product_2919,Grains,not_serious,0.9,0.5960801728562873,0.778432069142515
User_42,Vegetarian,Product_2128,Processed,undecided,0.6,0.9253919003005578,0.7301567601202231
User_42,Vegetarian,Product_1881,Fruits,undecided,0.6,0.961129056523627,0.7444516226094509
User_42,Vegetarian,Product_2844,Grains,undecided,0.6,0.5041797387103508,0.5616718954841403
User_42,Vegetarian,Product_1041,Fruits,undecided,0.6,0.7711367549551799,0.6684547019820719
User_42,Vegetarian,Product_2063,Nuts,undecided,0.6,0.8471048144569555,0.6988419257827823
User_43,Keto,Product_44,Meat,undecided,0.6,0.897958231652096,0.7191832926608384
User_43,Keto,Product_2252,Dairy,undecided,0.6,0.7369900292335094,0.6547960116934037
User_43,Keto,Product_1996,Fruits,serious,0.3,0.9140360168720629,0.5456144067488251
User_43,Keto,Product_2306,Fruits,not_serious,0.9,0.8756110968295386,0.8902444387318156
User_43,Keto,Product_1792,Processed,serious,0.3,0.9203449967879724,0.548137998715189
User_44,Keto,Product_2422,Seafood,undecided,0.6,0.5871711502410533,0.5948684600964214
User_44,Keto,Product_2311,Meat,undecided,0.6,0.8894858657239667,0.7157943462895867
User_44,Keto,Product_1516,Processed,undecided,0.6,0.9460007723532039,0.7384003089412816
User_44,Keto,Product_2919,Grains,not_serious,0.9,0.5960801728562873,0.778432069142515
User_44,Keto,Product_2547,Dairy,not_serious,0.9,0.7182052288618515,0.8272820915447406
User_45,Vegetarian,Product_2523,Nuts,undecided,0.6,0.804425361522131,0.6817701446088524
User_45,Vegetarian,Product_1805,Dairy,serious,0.3,0.7096824827996759,0.4638729931198704
User_45,Vegetarian,Product_983,Seafood,not_serious,0.9,0.829423851712858,0.8717695406851433
User_45,Vegetarian,Product_2577,Seafood,serious,0.3,0.69357764903925,0.4574310596157
User_45,Vegetarian,Product_2128,Processed,undecided,0.6,0.9253919003005578,0.7301567601202231
User_46,Vegan,Product_574,Processed,undecided,0.6,0.7348415636016529,0.6539366254406611
User_46,Vegan,Product_55,Meat,not_serious,0.9,0.8841353879818861,0.8936541551927545
User_46,Vegan,Product_2311,Meat,undecided,0.6,0.8894858657239667,0.7157943462895867
User_46,Vegan,Product_349,Processed,not_serious,0.9,0.5552244945928819,0.7620897978371528
User_46,Vegan,Product_1260,Processed,not_serious,0.9,0.5017380303949857,0.7406952121579943
User_47,Regular,Product_1433,Meat,serious,0.3,0.8413304918471454,0.5165321967388581
User_47,Regular,Product_175,Grains,serious,0.3,0.8060840125199665,0.5024336050079866
User_47,Regular,Product_2242,Vegetables,undecided,0.6,0.6145445069136974,0.605817802765479
User_47,Regular,Product_780,Vegetables,serious,0.3,0.7339999324936278,0.47359997299745116
User_47,Regular,Product_2533,Fruits,serious,0.3,0.7873503389936962,0.4949401355974785
User_48,Keto,Product_1189,Nuts,undecided,0.6,0.7713165904131085,0.6685266361652434
User_48,Keto,Product_681,Seafood,serious,0.3,0.8554335940251687,0.5221734376100675
User_48,Keto,Product_2197,Nuts,undecided,0.6,0.8203928302795882,0.6881571321118353
User_48,Keto,Product_2438,Dairy,undecided,0.6,0.5911234217307448,0.5964493686922979
User_48,Keto,Product_2233,Dairy,serious,0.3,0.6587372838784948,0.4434949135513979
User_49,Keto,Product_60,Dairy,undecided,0.6,0.7105392735974982,0.6442157094389993
User_49,Keto,Product_1624,Grains,undecided,0.6,0.6529164982174488,0.6211665992869795
User_49,Keto,Product_2092,Grains,not_serious,0.9,0.9033799505065457,0.9013519802026184
User_49,Keto,Product_1820,Processed,serious,0.3,0.9409117944738081,0.5563647177895232
User_49,Keto,Product_1682,Seafood,undecided,0.6,0.8977173123569968,0.7190869249427987
User_50,Keto,Product_359,Dairy,serious,0.3,0.686202504102684,0.45448100164107363
User_50,Keto,Product_1483,Vegetables,serious,0.3,0.6589280488287865,0.4435712195315146
User_50,Keto,Product_712,Vegetables,undecided,0.6,0.7953456967116476,0.678138278684659
User_50,Keto,Product_369,Processed,undecided,0.6,0.5020419089638335,0.5608167635855335
User_50,Keto,Product_1364,Nuts,not_serious,0.9,0.9336565927551327,0.9134626371020531
User_51,Vegan,Product_2367,Seafood,serious,0.3,0.708998028087062,0.46359921123482484
User_51,Vegan,Product_2528,Nuts,undecided,0.6,0.8501782216938776,0.7000712886775511
User_51,Vegan,Product_341,Meat,undecided,0.6,0.5251406049794327,0.5700562419917731
User_51,Vegan,Product_961,Vegetables,serious,0.3,0.7347527710924646,0.47390110843698585
User_51,Vegan,Product_2191,Vegetables,serious,0.3,0.7695522994602022,0.4878209197840809
User_52,Regular,Product_629,Processed,not_serious,0.9,0.6411729939068933,0.7964691975627574
User_52,Regular,Product_555,Nuts,serious,0.3,0.7876364330164725,0.495054573206589
User_52,Regular,Product_754,Fruits,undecided,0.6,0.7647691317757486,0.6659076527102994
User_52,Regular,Product_1513,Vegetables,serious,0.3,0.9159199793472919,0.5463679917389168
User_52,Regular,Product_147,Dairy,serious,0.3,0.7087197608291832,0.4634879043316733
User_53,Keto,Product_1032,Vegetables,undecided,0.6,0.6376160640612445,0.6150464256244979
User_53,Keto,Product_1256,Grains,undecided,0.6,0.5016675331530628,0.5606670132612251
User_53,Keto,Product_1308,Vegetables,not_serious,0.9,0.9670461271496043,0.9268184508598418
User_53,Keto,Product_1823,Meat,undecided,0.6,0.9675552352495285,0.7470220940998114
User_53,Keto,Product_1161,Seafood,serious,0.3,0.8183332916260158,0.5073333166504064
User_54,Vegan,Product_1150,Seafood,serious,0.3,0.7216704098153182,0.46866816392612726
User_54,Vegan,Product_2934,Vegetables,undecided,0.6,0.5246389998544974,0.5698555999417989
User_54,Vegan,Product_2031,Vegetables,serious,0.3,0.5843627424095438,0.4137450969638175
User_54,Vegan,Product_2590,Fruits,not_serious,0.9,0.8424844616616445,0.8769937846646578
User_54,Vegan,Product_845,Seafood,undecided,0.6,0.5482148780682708,0.5792859512273083
User_55,Vegan,Product_1695,Nuts,serious,0.3,0.6888859323031349,0.45555437292125395
User_55,Vegan,Product_1671,Seafood,serious,0.3,0.9683973716361376,0.567358948654455
User_55,Vegan,Product_1961,Vegetables,not_serious,0.9,0.9053733663539469,0.9021493465415789
User_55,Vegan,Product_2854,Fruits,serious,0.3,0.5223995368733514,0.38895981474934055
User_55,Vegan,Product_1523,Seafood,serious,0.3,0.9032160560175606,0.5412864224070242
User_56,Regular,Product_1548,Seafood,not_serious,0.9,0.6438093734640962,0.7975237493856385
User_56,Regular,Product_1062,Processed,serious,0.3,0.8171041901400615,0.5068416760560246
User_56,Regular,Product_1919,Vegetables,not_serious,0.9,0.6589451303524674,0.803578052140987
User_56,Regular,Product_55,Meat,not_serious,0.9,0.8841353879818861,0.8936541551927545
User_56,Regular,Product_168,Processed,not_serious,0.9,0.5322440376764073,0.752897615070563
User_57,Vegetarian,Product_165,Vegetables,not_serious,0.9,0.6884860344807708,0.8153944137923084
User_57,Vegetarian,Product_1820,Processed,serious,0.3,0.9409117944738081,0.5563647177895232
User_57,Vegetarian,Product_2657,Nuts,not_serious,0.9,0.8829527432310327,0.8931810972924131
User_57,Vegetarian,Product_2166,Nuts,undecided,0.6,0.6671551110276159,0.6268620444110464
User_57,Vegetarian,Product_5,Nuts,undecided,0.6,0.7438724400119392,0.6575489760047757
User_58,Keto,Product_725,Seafood,serious,0.3,0.5819831868443142,0.41279327473772565
User_58,Keto,Product_1869,Fruits,undecided,0.6,0.6177377543908342,0.6070951017563337
User_58,Keto,Product_1604,Meat,not_serious,0.9,0.5876198508972019,0.7750479403588808
User_58,Keto,Product_191,Dairy,undecided,0.6,0.9439892956588227,0.7375957182635291
User_58,Keto,Product_2488,Meat,not_serious,0.9,0.6293944179986597,0.791757767199464
User_59,Keto,Product_1282,Vegetables,not_serious,0.9,0.5287806687077317,0.7515122674830927
User_59,Keto,Product_1799,Vegetables,serious,0.3,0.8828001352809022,0.5331200541123609
User_59,Keto,Product_2234,Vegetables,undecided,0.6,0.9979245919038745,0.7591698367615498
User_59,Keto,Product_2155,Meat,serious,0.3,0.6030724429863619,0.4212289771945448
User_59,Keto,Product_579,Fruits,not_serious,0.9,0.6844813341627156,0.8137925336650863
User_60,Vegan,Product_791,Nuts,undecided,0.6,0.7455347593165571,0.6582139037266228
User_60,Vegan,Product_1682,Seafood,undecided,0.6,0.8977173123569968,0.7190869249427987
User_60,Vegan,Product_2079,Nuts,serious,0.3,0.6449957433184001,0.43799829732736006
User_60,Vegan,Product_539,Fruits,not_serious,0.9,0.9082983325444701,0.9033193330177881
User_60,Vegan,Product_2501,Processed,not_serious,0.9,0.9815289010066612,0.9326115604026646
User_61,Vegetarian,Product_722,Meat,not_serious,0.9,0.7296833135942824,0.8318733254377131
User_61,Vegetarian,Product_1292,Meat,undecided,0.6,0.5728780145957082,0.5891512058382833
User_61,Vegetarian,Product_2523,Nuts,undecided,0.6,0.804425361522131,0.6817701446088524
User_61,Vegetarian,Product_1799,Vegetables,serious,0.3,0.8828001352809022,0.5331200541123609
User_61,Vegetarian,Product_2594,Vegetables,serious,0.3,0.8238702950893142,0.5095481180357258
User_62,Keto,Product_2504,Grains,serious,0.3,0.7941835953537626,0.49767343814150505
User_62,Keto,Product_1479,Nuts,serious,0.3,0.6120543163317809,0.42482172653271233
User_62,Keto,Product_1257,Dairy,undecided,0.6,0.7771895355513917,0.6708758142205566
User_62,Keto,Product_2779,Processed,not_serious,0.9,0.586029944591374,0.7744119778365497
User_62,Keto,Product_1838,Nuts,not_serious,0.9,0.6000396551808129,0.7800158620723252
User_63,Vegetarian,Product_2873,Meat,serious,0.3,0.9746012802636927,0.569840512105477
User_63,Vegetarian,Product_1433,Meat,serious,0.3,0.8413304918471454,0.5165321967388581
User_63,Vegetarian,Product_2311,Meat,undecided,0.6,0.8894858657239667,0.7157943462895867
User_63,Vegetarian,Product_2702,Nuts,undecided,0.6,0.6561864366366179,0.6224745746546472
User_63,Vegetarian,Product_2557,Processed,not_serious,0.9,0.655442383554482,0.8021769534217928
User_64,Regular,Product_724,Vegetables,not_serious,0.9,0.8451022097675177,0.8780408839070071
User_64,Regular,Product_60,Dairy,undecided,0.6,0.7105392735974982,0.6442157094389993
User_64,Regular,Product_2029,Nuts,serious,0.3,0.8890814878042139,0.5356325951216856
User_64,Regular,Product_975,Fruits,undecided,0.6,0.7336167270539657,0.6534466908215864
User_64,Regular,Product_1824,Seafood,undecided,0.6,0.5107768226801256,0.5643107290720503
User_65,Vegan,Product_574,Processed,undecided,0.6,0.7348415636016529,0.6539366254406611
User_65,Vegan,Product_1589,Nuts,undecided,0.6,0.9511354153185658,0.7404541661274263
User_65,Vegan,Product_2501,Processed,not_serious,0.9,0.9815289010066612,0.9326115604026646
User_65,Vegan,Product_1212,Fruits,serious,0.3,0.5394463133951155,0.3957785253580462
User_65,Vegan,Product_920,Seafood,serious,0.3,0.6050142151444406,0.4220056860577763
User_66,Vegetarian,Product_1292,Meat,undecided,0.6,0.5728780145957082,0.5891512058382833
User_66,Vegetarian,Product_2377,Nuts,undecided,0.6,0.9861345745004424,0.754453829800177
User_66,Vegetarian,Product_1981,Meat,undecided,0.6,0.5554394668382505,0.5821757867353002
User_66,Vegetarian,Product_816,Vegetables,not_serious,0.9,0.9581122683455716,0.9232449073382287
User_66,Vegetarian,Product_1205,Grains,undecided,0.6,0.5512567910920975,0.580502716436839
User_67,Keto,Product_1709,Grains,undecided,0.6,0.7140376488667755,0.6456150595467102
User_67,Keto,Product_504,Processed,serious,0.3,0.6901116872700152,0.45604467490800604
User_67,Keto,Product_1001,Processed,undecided,0.6,0.7903578374302668,0.6761431349721068
User_67,Keto,Product_2814,Meat,serious,0.3,0.9960355775444167,0.5784142310177667
User_67,Keto,Product_236,Grains,undecided,0.6,0.9766581995194183,0.7506632798077674
User_68,Vegetarian,Product_2758,Fruits,undecided,0.6,0.5487888364147129,0.5795155345658851
User_68,Vegetarian,Product_2275,Seafood,undecided,0.6,0.8649678279053916,0.7059871311621566
User_68,Vegetarian,Product_1696,Vegetables,undecided,0.6,0.501077167208072,0.5604308668832289
User_68,Vegetarian,Product_1962,Fruits,not_serious,0.9,0.517757856575976,0.7471031426303905
User_68,Vegetarian,Product_2982,Vegetables,serious,0.3,0.9918647341445685,0.5767458936578274
User_69,Vegetarian,Product_1483,Vegetables,serious,0.3,0.6589280488287865,0.4435712195315146
User_69,Vegetarian,Product_1895,Processed,serious,0.3,0.5636305942137472,0.4054522376854989
User_69,Vegetarian,Product_2516,Processed,undecided,0.6,0.5352548663310475,0.574101946532419
User_69,Vegetarian,Product_824,Nuts,serious,0.3,0.6877318792347549,0.45509275169390195
User_69,Vegetarian,Product_2971,Fruits,undecided,0.6,0.9836336163463621,0.7534534465385448
User_70,Regular,Product_1730,Grains,serious,0.3,0.9882813996211359,0.5753125598484543
User_70,Regular,Product_1510,Processed,serious,0.3,0.768553409229688,0.4874213636918752
User_70,Regular,Product_683,Meat,not_serious,0.9,0.7418858508851727,0.8367543403540691
User_70,Regular,Product_1304,Fruits,undecided,0.6,0.5573641113746116,0.5829456445498447
User_70,Regular,Product_2543,Meat,undecided,0.6,0.6774139585369722,0.6309655834147889
User_71,Keto,Product_336,Seafood,serious,0.3,0.5223771784300462,0.38895087137201845
User_71,Keto,Product_2525,Nuts,undecided,0.6,0.9407598382615472,0.7363039353046189
User_71,Keto,Product_1604,Meat,not_serious,0.9,0.5876198508972019,0.7750479403588808
User_71,Keto,Product_1825,Seafood,not_serious,0.9,0.8250777827901676,0.8700311131160672
User_71,Keto,Product_965,Vegetables,serious,0.3,0.7527439389046828,0.48109757556187316
User_72,Vegetarian,Product_2330,Meat,not_serious,0.9,0.7371515197513477,0.8348606079005392
User_72,Vegetarian,Product_304,Fruits,not_serious,0.9,0.5382168236053277,0.7552867294421312
User_72,Vegetarian,Product_1981,Meat,undecided,0.6,0.5554394668382505,0.5821757867353002
User_72,Vegetarian,Product_2706,Seafood,not_serious,0.9,0.9385130560175696,0.9154052224070279
User_72,Vegetarian,Product_2814,Meat,serious,0.3,0.9960355775444167,0.5784142310177667
User_73,Vegan,Product_2336,Processed,undecided,0.6,0.673560593402899,0.6294242373611596
User_73,Vegan,Product_1437,Seafood,undecided,0.6,0.6362126946978606,0.6144850778791442
User_73,Vegan,Product_2973,Processed,not_serious,0.9,0.6665232771097147,0.8066093108438859
User_73,Vegan,Product_807,Vegetables,not_serious,0.9,0.9452533143089474,0.918101325723579
User_73,Vegan,Product_282,Grains,serious,0.3,0.9798902790493045,0.5719561116197218
User_74,Keto,Product_74,Seafood,undecided,0.6,0.5060018619219421,0.5624007447687769
User_74,Keto,Product_1576,Processed,undecided,0.6,0.9930471623470739,0.7572188649388296
User_74,Keto,Product_1141,Vegetables,undecided,0.6,0.8681313109372613,0.7072525243749045
User_74,Keto,Product_1483,Vegetables,serious,0.3,0.6589280488287865,0.4435712195315146
User_74,Keto,Product_1881,Fruits,undecided,0.6,0.961129056523627,0.7444516226094509
User_75,Regular,Product_1994,Seafood,not_serious,0.9,0.5632606840817164,0.7653042736326866
User_75,Regular,Product_780,Vegetables,serious,0.3,0.7339999324936278,0.47359997299745116
User_75,Regular,Product_918,Meat,serious,0.3,0.5601240849165051,0.40404963396660204
User_75,Regular,Product_2237,Dairy,undecided,0.6,0.7598163134734328,0.6639265253893731
User_75,Regular,Product_2408,Processed,serious,0.3,0.5290509551172179,0.39162038204688715
User_76,Vegetarian,Product_302,Dairy,serious,0.3,0.8407616841033938,0.5163046736413575
User_76,Vegetarian,Product_2219,Dairy,serious,0.3,0.6465742413173183,0.43862969652692735
User_76,Vegetarian,Product_655,Seafood,undecided,0.6,0.9253105097604246,0.7301242039041699
User_76,Vegetarian,Product_2073,Fruits,not_serious,0.9,0.7892357702156538,0.8556943080862616
User_76,Vegetarian,Product_839,Seafood,undecided,0.6,0.8195138938295494,0.6878055575318198
User_77,Regular,Product_699,Dairy,not_serious,0.9,0.6090936058220318,0.7836374423288127
User_77,Regular,Product_1174,Vegetables,serious,0.3,0.709635669375717,0.4638542677502868
User_77,Regular,Product_454,Seafood,not_serious,0.9,0.9128714812022811,0.9051485924809125
User_77,Regular,Product_2860,Processed,undecided,0.6,0.6934702735130531,0.6373881094052212
User_77,Regular,Product_2608,Fruits,serious,0.3,0.8331142745460962,0.5132457098184384
User_78,Vegan,Product_1777,Dairy,serious,0.3,0.5636036016044861,0.40544144064179444
User_78,Vegan,Product_2477,Meat,not_serious,0.9,0.7603799610615452,0.8441519844246181
User_78,Vegan,Product_1062,Processed,serious,0.3,0.8171041901400615,0.5068416760560246
User_78,Vegan,Product_1593,Meat,undecided,0.6,0.5215758101746317,0.5686303240698527
User_78,Vegan,Product_5,Nuts,undecided,0.6,0.7438724400119392,0.6575489760047757
User_79,Vegan,Product_926,Seafood,not_serious,0.9,0.851626852021415,0.880650740808566
User_79,Vegan,Product_2934,Vegetables,undecided,0.6,0.5246389998544974,0.5698555999417989
User_79,Vegan,Product_190,Processed,undecided,0.6,0.7738734242077391,0.6695493696830956
User_79,Vegan,Product_769,Vegetables,undecided,0.6,0.9304256031057825,0.732170241242313
User_79,Vegan,Product_2527,Vegetables,not_serious,0.9,0.7589551828725409,0.8435820731490165
User_80,Vegan,Product_768,Meat,undecided,0.6,0.9430544479937605,0.7372217791975042
User_80,Vegan,Product_2862,Processed,serious,0.3,0.7786779334624843,0.49147117338499374
User_80,Vegan,Product_2351,Seafood,serious,0.3,0.6432322465583256,0.4372928986233302
User_80,Vegan,Product_1895,Processed,serious,0.3,0.5636305942137472,0.4054522376854989
User_80,Vegan,Product_256,Processed,serious,0.3,0.5254675267988871,0.39018701071955486
User_81,Regular,Product_2657,Nuts,not_serious,0.9,0.8829527432310327,0.8931810972924131
User_81,Regular,Product_2237,Dairy,undecided,0.6,0.7598163134734328,0.6639265253893731
User_81,Regular,Product_812,Vegetables,not_serious,0.9,0.8726710017067637,0.8890684006827055
User_81,Regular,Product_1945,Nuts,serious,0.3,0.7717926974814752,0.4887170789925901
User_81,Regular,Product_730,Dairy,undecided,0.6,0.5055426098178235,0.5622170439271295
User_82,Keto,Product_1873,Grains,undecided,0.6,0.7221651763414547,0.6488660705365819
User_82,Keto,Product_2454,Vegetables,not_serious,0.9,0.5958645748770817,0.7783458299508327
User_82,Keto,Product_2891,Processed,not_serious,0.9,0.8190603788115847,0.8676241515246339
User_82,Keto,Product_39,Dairy,undecided,0.6,0.521442218774917,0.5685768875099668
User_82,Keto,Product_2191,Vegetables,serious,0.3,0.7695522994602022,0.4878209197840809
User_83,Regular,Product_2387,Nuts,not_serious,0.9,0.5265193220845136,0.7506077288338054
User_83,Regular,Product_2547,Dairy,not_serious,0.9,0.7182052288618515,0.8272820915447406
User_83,Regular,Product_1401,Dairy,not_serious,0.9,0.6140615407354787,0.7856246162941916
User_83,Regular,Product_424,Nuts,undecided,0.6,0.6506673389066915,0.6202669355626766
User_83,Regular,Product_2244,Meat,not_serious,0.9,0.8299028490568854,0.8719611396227542
User_84,Keto,Product_126,Fruits,serious,0.3,0.9575139598877249,0.56300558395509
User_84,Keto,Product_725,Seafood,serious,0.3,0.5819831868443142,0.41279327473772565
User_84,Keto,Product_349,Processed,not_serious,0.9,0.5552244945928819,0.7620897978371528
User_84,Keto,Product_1760,Nuts,serious,0.3,0.9485685534667291,0.5594274213866917
User_84,Keto,Product_513,Grains,not_serious,0.9,0.71491244088759,0.8259649763550361
User_85,Vegan,Product_655,Seafood,undecided,0.6,0.9253105097604246,0.7301242039041699
User_85,Vegan,Product_834,Vegetables,serious,0.3,0.8118685898086071,0.5047474359234428
User_85,Vegan,Product_2314,Dairy,undecided,0.6,0.9588798404953336,0.7435519361981334
User_85,Vegan,Product_2547,Dairy,not_serious,0.9,0.7182052288618515,0.8272820915447406
User_85,Vegan,Product_279,Fruits,not_serious,0.9,0.9095246195667657,0.9038098478267063
User_86,Vegetarian,Product_2330,Meat,not_serious,0.9,0.7371515197513477,0.8348606079005392
User_86,Vegetarian,Product_636,Vegetables,undecided,0.6,0.6104799681314116,0.6041919872525646
User_86,Vegetarian,Product_2862,Processed,serious,0.3,0.7786779334624843,0.49147117338499374
User_86,Vegetarian,Product_770,Seafood,undecided,0.6,0.5839198724714836,0.5935679489885934
User_86,Vegetarian,Product_2764,Vegetables,serious,0.3,0.9322767812492482,0.5529107124996993
User_87,Vegan,Product_294,Fruits,undecided,0.6,0.8155454546336841,0.6862181818534736
User_87,Vegan,Product_424,Nuts,undecided,0.6,0.6506673389066915,0.6202669355626766
User_87,Vegan,Product_53,Meat,not_serious,0.9,0.585520565067103,0.7742082260268413
User_87,Vegan,Product_1766,Grains,serious,0.3,0.5745129771719547,0.40980519086878187
User_87,Vegan,Product_175,Grains,serious,0.3,0.8060840125199665,0.5024336050079866
User_88,Regular,Product_1510,Processed,serious,0.3,0.768553409229688,0.4874213636918752
User_88,Regular,Product_1235,Meat,not_serious,0.9,0.8664927198903032,0.8865970879561214
User_88,Regular,Product_1799,Vegetables,serious,0.3,0.8828001352809022,0.5331200541123609
User_88,Regular,Product_564,Meat,serious,0.3,0.8299563852720913,0.5119825541088365
User_88,Regular,Product_2383,Grains,not_serious,0.9,0.6680189684965789,0.8072075873986316
User_89,Vegetarian,Product_2377,Nuts,undecided,0.6,0.9861345745004424,0.754453829800177
User_89,Vegetarian,Product_2971,Fruits,undecided,0.6,0.9836336163463621,0.7534534465385448
User_89,Vegetarian,Product_2787,Seafood,undecided,0.6,0.6704157634900652,0.628166305396026
User_89,Vegetarian,Product_464,Meat,not_serious,0.9,0.9809962305242448,0.932398492209698
User_89,Vegetarian,Product_655,Seafood,undecided,0.6,0.9253105097604246,0.7301242039041699
User_90,Keto,Product_326,Dairy,serious,0.3,0.8563540853132319,0.5225416341252928
User_90,Keto,Product_2031,Vegetables,serious,0.3,0.5843627424095438,0.4137450969638175
User_90,Keto,Product_2703,Vegetables,serious,0.3,0.5376381305456592,0.3950552522182637
User_90,Keto,Product_699,Dairy,not_serious,0.9,0.6090936058220318,0.7836374423288127
User_90,Keto,Product_267,Nuts,serious,0.3,0.7564870544261781,0.48259482177047125
User_91,Regular,Product_2518,Grains,not_serious,0.9,0.7328327059699865,0.8331330823879947
User_91,Regular,Product_1310,Dairy,not_serious,0.9,0.6514784813201915,0.8005913925280767
User_91,Regular,Product_579,Fruits,not_serious,0.9,0.6844813341627156,0.8137925336650863
User_91,Regular,Product_2336,Processed,undecided,0.6,0.673560593402899,0.6294242373611596
User_91,Regular,Product_2749,Grains,not_serious,0.9,0.9130612971136269,0.9052245188454509
User_92,Regular,Product_138,Processed,undecided,0.6,0.6476893897055257,0.6190757558822102
User_92,Regular,Product_2657,Nuts,not_serious,0.9,0.8829527432310327,0.8931810972924131
User_92,Regular,Product_2111,Seafood,serious,0.3,0.7978485638293407,0.4991394255317363
User_92,Regular,Product_1945,Nuts,serious,0.3,0.7717926974814752,0.4887170789925901
User_92,Regular,Product_1799,Vegetables,serious,0.3,0.8828001352809022,0.5331200541123609
User_93,Keto,Product_2528,Nuts,undecided,0.6,0.8501782216938776,0.7000712886775511
User_93,Keto,Product_913,Fruits,serious,0.3,0.5429352126809563,0.39717408507238255
User_93,Keto,Product_53,Meat,not_serious,0.9,0.585520565067103,0.7742082260268413
User_93,Keto,Product_718,Nuts,not_serious,0.9,0.905090741724291,0.9020362966897164
User_93,Keto,Product_975,Fruits,undecided,0.6,0.7336167270539657,0.6534466908215864
User_94,Vegan,Product_2306,Fruits,not_serious,0.9,0.8756110968295386,0.8902444387318156
User_94,Vegan,Product_190,Processed,undecided,0.6,0.7738734242077391,0.6695493696830956
User_94,Vegan,Product_2238,Meat,undecided,0.6,0.8517556683420853,0.7007022673368342
User_94,Vegan,Product_636,Vegetables,undecided,0.6,0.6104799681314116,0.6041919872525646
User_94,Vegan,Product_2351,Seafood,serious,0.3,0.6432322465583256,0.4372928986233302
User_95,Regular,Product_2234,Vegetables,undecided,0.6,0.9979245919038745,0.7591698367615498
User_95,Regular,Product_605,Dairy,serious,0.3,0.89123695402931,0.536494781611724
User_95,Regular,Product_845,Seafood,undecided,0.6,0.5482148780682708,0.5792859512273083
User_95,Regular,Product_718,Nuts,not_serious,0.9,0.905090741724291,0.9020362966897164
User_95,Regular,Product_14,Nuts,serious,0.3,0.7084389063580809,0.46337556254323237
User_96,Keto,Product_1543,Seafood,serious,0.3,0.5019068893309767,0.3807627557323907
User_96,Keto,Product_231,Meat,undecided,0.6,0.6906131682219541,0.6362452672887816
User_96,Keto,Product_2969,Vegetables,undecided,0.6,0.6008622119141699,0.6003448847656679
User_96,Keto,Product_2971,Fruits,undecided,0.6,0.9836336163463621,0.7534534465385448
User_96,Keto,Product_2304,Vegetables,not_serious,0.9,0.7506258014752336,0.8402503205900935
User_97,Regular,Product_1689,Meat,serious,0.3,0.7667863662779759,0.4867145465111904
User_97,Regular,Product_2058,Fruits,not_serious,0.9,0.962385099853145,0.9249540399412581
User_97,Regular,Product_725,Seafood,serious,0.3,0.5819831868443142,0.41279327473772565
User_97,Regular,Product_866,Seafood,serious,0.3,0.5944779651749414,0.41779118606997656
User_97,Regular,Product_14,Nuts,serious,0.3,0.7084389063580809,0.46337556254323237
User_98,Keto,Product_2293,Nuts,serious,0.3,0.9173487590536065,0.5469395036214426
User_98,Keto,Product_2314,Dairy,undecided,0.6,0.9588798404953336,0.7435519361981334
User_98,Keto,Product_2029,Nuts,serious,0.3,0.8890814878042139,0.5356325951216856
User_98,Keto,Product_533,Vegetables,not_serious,0.9,0.9484040383074438,0.9193616153229776
User_98,Keto,Product_920,Seafood,serious,0.3,0.6050142151444406,0.4220056860577763
User_99,Vegetarian,Product_1756,Vegetables,undecided,0.6,0.6192210905008557,0.6076884362003423
User_99,Vegetarian,Product_2973,Processed,not_serious,0.9,0.6665232771097147,0.8066093108438859
User_99,Vegetarian,Product_712,Vegetables,undecided,0.6,0.7953456967116476,0.678138278684659
User_99,Vegetarian,Product_9,Fruits,serious,0.3,0.7333395788169099,0.47333583152676395
User_99,Vegetarian,Product_1529,Meat,undecided,0.6,0.7824544158510222,0.6729817663404088
